/*
-- Query: SELECT * FROM book_store.book
LIMIT 0, 1000

-- Date: 2021-06-25 21:20
*/
INSERT INTO `book` (`id`,`title`,`publishing_year`,`PUBLISHER_id`,`description`,`image`) VALUES (1,'Alisa u zemlji cuda',1865,2,'Glavna junakinja u ovoj knjizi je devojčica Alisa,koja odlazi u nestvarnu Zemlju Čuda, koja postoji samo u njenim snovima. U Zemlji Čuda ona se susreće i druži sa mnogo neobičnih životinja i likova, te stvarima i predmetima koje su bili živi, a sa kojima doživljava razne zgode i nezgode...','alisa2');
INSERT INTO `book` (`id`,`title`,`publishing_year`,`PUBLISHER_id`,`description`,`image`) VALUES (2,'Hamlet',1570,3,'Danski kralj iznenada umire. Njegov brat Klaudije nasljeđuje prijestolje i ženi se njegovom udovicom. Duh kralja se prikazuje kraljevom sinu Hamletu i kazuje mu da ga je Klaudije ubio da bi dobio prijestolje i ženu. Da bi lakše dokazao stričevu krivnju Hamlet odluči glumiti luđaka...','hamlet');
INSERT INTO `book` (`id`,`title`,`publishing_year`,`PUBLISHER_id`,`description`,`image`) VALUES (3,'Orlovi rano lete',1959,4,'U ovom romanu se govori o grupi dječaka.Vođa dječaka je bio Jovanče a osim njega tu su bili Lazar Mačak, Stric, Đoko Potrk, Nikolca prikolca i djevojčica Lunja.Oni pomažu partizanima i otkrivaju im tajnu pećinu. Oni učestvuju u obrani svog sela zajedno sa borcima i postaju partizanski kuriri...','orlovi1');
INSERT INTO `book` (`id`,`title`,`publishing_year`,`PUBLISHER_id`,`description`,`image`) VALUES (4,'Ana Karenjina',1983,1,'Ana Karenjina, pre svega, govori o dve parelene ljubavne priče: strasne, nesrećne i  destruktivne ljubavi između Ane Karenjine i grofa Vronskog i stabilne ljubavi između Ljevina i Kiti. Takođe, obrađuje ne samo brak i porodicu već i ekonomske i društvene odnose u tadašnjoj Rusiji...','ana2');
INSERT INTO `book` (`id`,`title`,`publishing_year`,`PUBLISHER_id`,`description`,`image`) VALUES (5,'Koreni',1954,4,'Radnja romana je smeštena na kraj 19. veka u izmišljeno selo Prerovo u vreme političkih promena i građanskih previranja i prati živote Aćima Katića, uglednog čoveka starog kova i radikalnih uverenja, i njegovih sinova Vukašina i Đorđa...','koreni');
INSERT INTO `book` (`id`,`title`,`publishing_year`,`PUBLISHER_id`,`description`,`image`) VALUES (6,'Zlocin i kazna',1848,2,'Glavni je junak romana siromašan student prava Rodion Raskoljnjikov. Raskoljnjikova progoni ideja o izvršenju “više pravde” koju će ostvariti ubojstvom Aljone Ivanove...','zlocin1');
INSERT INTO `book` (`id`,`title`,`publishing_year`,`PUBLISHER_id`,`description`,`image`) VALUES (7,'Dervis i smrt',1966,3,'Derviš i smrt po vrsti je psihološki i filozofski roman, pun introspekcija glavnog lika, kojima on traži smisao života. Roman se sastoji od šesnaest poglavlja, a podijeljen je na dva dijela..','dervis1');
INSERT INTO `book` (`id`,`title`,`publishing_year`,`PUBLISHER_id`,`description`,`image`) VALUES (8,'Na Drini cuprija',1945,2,'Roman Na Drini ćuprija je najpoznatije delo našeg nobelovca Ive Andrića. U romanu se radnja odigrava oko mosta na Drini u Višegradu. Na početku romana Andrić objašnjava kako su se ljudi snalazili dok mosta nije bilo, izgradnja most i kasnije životne priče ljudi koji su živeli oko njega. Most je u romanu simbol čvrste građevine koja je večno prisutna, dok su ljudski životi prolazni..','drina1');
INSERT INTO `book` (`id`,`title`,`publishing_year`,`PUBLISHER_id`,`description`,`image`) VALUES (9,'Starac i more',1949,3,'Starac Santijago bio je siromašni ribar koji je sam ribario u malom čamcu u Golfskoj struji, već osamdeset i četiri dana. Prvih četrdeset dana društvo mu je pravio dečak Manolino, ali su nakon toga dečakovi roditelji rekli da starca prati zla sreća, pa se dečak morao prebaciti na drugi ribarski brod...','starac1');
INSERT INTO `book` (`id`,`title`,`publishing_year`,`PUBLISHER_id`,`description`,`image`) VALUES (10,'Necista krv',1910,4,'Jedan mlad zivot je unisten. I pre pocetka Sofka je dozivela kraj. Dozivela je tezak slom i vise se nije oporavila, niti se trudila da joj bude bolje. Predala se, izgubila svu svoju lepotu, izgubila svetlo na kraju tunela. Nemilosrdno je unistena kao zena, kao majka, kao individua. Zaista tragicna sudbina!','krv');
INSERT INTO `book` (`id`,`title`,`publishing_year`,`PUBLISHER_id`,`description`,`image`) VALUES (11,'Stranac',1942,1,'U romanu je pripovjedač ujedno lik Mersault. Roman je pisan u prvom licu, no događaji se iznose iznimno objektivno i precizno (a lik govori o sebi kao da govori o nekome drugom i ne trudi se osmisliti svoj život u okviru nekog zadanog sustava vrijednosti jer njegov je život posve iskren, stoga mu ne traži opravdanje)..','stranac1');
INSERT INTO `book` (`id`,`title`,`publishing_year`,`PUBLISHER_id`,`description`,`image`) VALUES (12,'Oblak',1948,1,'Pesma govori o oblaku koji se nadvio nad gradom. Oblak je bio prekrasan, ali nitko od ljudi iz grada nije ni primetio njegovu lepotu, jer su bili zauzeti „zemnim“ stvarima, ljudima očito previše važnim da bi ih na trenutak zapostavili zbog jednog (običnog) oblaka. Iako je oblak „krvario lepotu“, to nije bilo dovoljno da ga se primeti. Na kraju se uzdigao visoko na nebo, toliko da ga je vetar s vremenom raznio...','oblak');
INSERT INTO `book` (`id`,`title`,`publishing_year`,`PUBLISHER_id`,`description`,`image`) VALUES (13,'Plava grobnica',1917,4,'Govori o srpskim vojnicima koje su nakon smrti bacali u Jonsko more, pored ostrva Krfa, tako stvorivši masovnu grobnicu u morskim dubinama, koju su činila tela od skoro 5 000 vojnika. Ta grobnica opevana je kao večno počivalište hrabrih...','grobnica');
INSERT INTO `book` (`id`,`title`,`publishing_year`,`PUBLISHER_id`,`description`,`image`) VALUES (35,'crv mali',1212,2,'','noimage');
INSERT INTO `book` (`id`,`title`,`publishing_year`,`PUBLISHER_id`,`description`,`image`) VALUES (37,'bfd',1231,3,'','noimage');

/*
-- Query: SELECT * FROM book_store.book_has_author
LIMIT 0, 1000

-- Date: 2021-06-25 21:21
*/
INSERT INTO `book_has_author` (`BOOK_id`,`AUTHOR_id`) VALUES (1,1);
INSERT INTO `book_has_author` (`BOOK_id`,`AUTHOR_id`) VALUES (2,2);
INSERT INTO `book_has_author` (`BOOK_id`,`AUTHOR_id`) VALUES (35,2);
INSERT INTO `book_has_author` (`BOOK_id`,`AUTHOR_id`) VALUES (37,2);
INSERT INTO `book_has_author` (`BOOK_id`,`AUTHOR_id`) VALUES (13,3);
INSERT INTO `book_has_author` (`BOOK_id`,`AUTHOR_id`) VALUES (10,4);
INSERT INTO `book_has_author` (`BOOK_id`,`AUTHOR_id`) VALUES (4,5);
INSERT INTO `book_has_author` (`BOOK_id`,`AUTHOR_id`) VALUES (5,6);
INSERT INTO `book_has_author` (`BOOK_id`,`AUTHOR_id`) VALUES (6,7);
INSERT INTO `book_has_author` (`BOOK_id`,`AUTHOR_id`) VALUES (3,8);
INSERT INTO `book_has_author` (`BOOK_id`,`AUTHOR_id`) VALUES (7,9);
INSERT INTO `book_has_author` (`BOOK_id`,`AUTHOR_id`) VALUES (11,10);
INSERT INTO `book_has_author` (`BOOK_id`,`AUTHOR_id`) VALUES (9,11);
INSERT INTO `book_has_author` (`BOOK_id`,`AUTHOR_id`) VALUES (8,12);
INSERT INTO `book_has_author` (`BOOK_id`,`AUTHOR_id`) VALUES (12,13);

/*
-- Query: SELECT * FROM book_store.book_store
LIMIT 0, 1000

-- Date: 2021-06-25 21:21
*/
INSERT INTO `book_store` (`id`,`name`,`address`,`work_time`,`opening_date`) VALUES (1,'LIBRA_A','Nikole Pasica 52','08-20h','2017-02-13');
INSERT INTO `book_store` (`id`,`name`,`address`,`work_time`,`opening_date`) VALUES (2,'LIBRA_B','Petra Pecije 44','10-18h','2020-11-13');
INSERT INTO `book_store` (`id`,`name`,`address`,`work_time`,`opening_date`) VALUES (3,'LIBRA_C','Karađorđeva 18','09-17h','2019-07-13');

/*
-- Query: SELECT * FROM book_store.book_store_has_book
LIMIT 0, 1000

-- Date: 2021-06-25 21:22
*/
INSERT INTO `book_store_has_book` (`BOOK_STORE_id`,`BOOK_id`,`quantity`,`price`) VALUES (1,1,10,'24,20');
INSERT INTO `book_store_has_book` (`BOOK_STORE_id`,`BOOK_id`,`quantity`,`price`) VALUES (1,2,3,'17,00');
INSERT INTO `book_store_has_book` (`BOOK_STORE_id`,`BOOK_id`,`quantity`,`price`) VALUES (1,3,7,'18,00');
INSERT INTO `book_store_has_book` (`BOOK_STORE_id`,`BOOK_id`,`quantity`,`price`) VALUES (1,4,12,'20,00');
INSERT INTO `book_store_has_book` (`BOOK_STORE_id`,`BOOK_id`,`quantity`,`price`) VALUES (1,7,1,'20,00');
INSERT INTO `book_store_has_book` (`BOOK_STORE_id`,`BOOK_id`,`quantity`,`price`) VALUES (1,10,5,'33,00');
INSERT INTO `book_store_has_book` (`BOOK_STORE_id`,`BOOK_id`,`quantity`,`price`) VALUES (1,13,16,'22,00');
INSERT INTO `book_store_has_book` (`BOOK_STORE_id`,`BOOK_id`,`quantity`,`price`) VALUES (1,35,2,'20,00');
INSERT INTO `book_store_has_book` (`BOOK_STORE_id`,`BOOK_id`,`quantity`,`price`) VALUES (2,1,6,'24,00');
INSERT INTO `book_store_has_book` (`BOOK_STORE_id`,`BOOK_id`,`quantity`,`price`) VALUES (2,5,2,'25,00');
INSERT INTO `book_store_has_book` (`BOOK_STORE_id`,`BOOK_id`,`quantity`,`price`) VALUES (2,6,11,'32,00');
INSERT INTO `book_store_has_book` (`BOOK_STORE_id`,`BOOK_id`,`quantity`,`price`) VALUES (2,7,3,'20,00');
INSERT INTO `book_store_has_book` (`BOOK_STORE_id`,`BOOK_id`,`quantity`,`price`) VALUES (2,8,20,'22,00');
INSERT INTO `book_store_has_book` (`BOOK_STORE_id`,`BOOK_id`,`quantity`,`price`) VALUES (2,9,9,'27,00');
INSERT INTO `book_store_has_book` (`BOOK_STORE_id`,`BOOK_id`,`quantity`,`price`) VALUES (2,11,6,'37,00');
INSERT INTO `book_store_has_book` (`BOOK_STORE_id`,`BOOK_id`,`quantity`,`price`) VALUES (2,37,3,'12,22');
INSERT INTO `book_store_has_book` (`BOOK_STORE_id`,`BOOK_id`,`quantity`,`price`) VALUES (3,3,3,'18,00');
INSERT INTO `book_store_has_book` (`BOOK_STORE_id`,`BOOK_id`,`quantity`,`price`) VALUES (3,4,1,'20,00');
INSERT INTO `book_store_has_book` (`BOOK_STORE_id`,`BOOK_id`,`quantity`,`price`) VALUES (3,5,10,'25,00');
INSERT INTO `book_store_has_book` (`BOOK_STORE_id`,`BOOK_id`,`quantity`,`price`) VALUES (3,8,12,'22,00');
INSERT INTO `book_store_has_book` (`BOOK_STORE_id`,`BOOK_id`,`quantity`,`price`) VALUES (3,10,2,'33,00');
INSERT INTO `book_store_has_book` (`BOOK_STORE_id`,`BOOK_id`,`quantity`,`price`) VALUES (3,13,4,'22,00');


/*
-- Query: SELECT * FROM book_store.book_store_has_user
LIMIT 0, 1000

-- Date: 2021-06-25 21:22
*/
INSERT INTO `book_store_has_user` (`BOOK_STORE_id`,`USER_id`) VALUES (1,1);
INSERT INTO `book_store_has_user` (`BOOK_STORE_id`,`USER_id`) VALUES (2,1);
INSERT INTO `book_store_has_user` (`BOOK_STORE_id`,`USER_id`) VALUES (3,1);
INSERT INTO `book_store_has_user` (`BOOK_STORE_id`,`USER_id`) VALUES (2,2);
INSERT INTO `book_store_has_user` (`BOOK_STORE_id`,`USER_id`) VALUES (3,3);
INSERT INTO `book_store_has_user` (`BOOK_STORE_id`,`USER_id`) VALUES (1,4);
INSERT INTO `book_store_has_user` (`BOOK_STORE_id`,`USER_id`) VALUES (3,38);
INSERT INTO `book_store_has_user` (`BOOK_STORE_id`,`USER_id`) VALUES (2,39);

/*
-- Query: SELECT * FROM book_store.publisher
LIMIT 0, 1000

-- Date: 2021-06-25 21:22
*/
INSERT INTO `publisher` (`id`,`name`,`address`,`email`,`phone_number`) VALUES (1,'ARETE','Vojvođanska 32,Beograd','arete@gmail.com','+381 32 445 929');
INSERT INTO `publisher` (`id`,`name`,`address`,`email`,`phone_number`) VALUES (2,'Vulkan','Sremska 2, Beograd','info@knjizare-vulkan.rs','+381 4540900 ');
INSERT INTO `publisher` (`id`,`name`,`address`,`email`,`phone_number`) VALUES (3,'Laguna','Resavska 33, Beograd',' klub@laguna.rs','+381 33 41 711');
INSERT INTO `publisher` (`id`,`name`,`address`,`email`,`phone_number`) VALUES (4,'Romanov','Краља Петра I Карађорђевића 21,Banja Luka','romanovknjiga@gmail.com','+387 51 219 108');

/*
-- Query: SELECT * FROM book_store.role
LIMIT 0, 1000

-- Date: 2021-06-25 21:23
*/
INSERT INTO `role` (`id`,`name`) VALUES (1,'Administrator');
INSERT INTO `role` (`id`,`name`) VALUES (2,'Common user');

/*
-- Query: SELECT * FROM book_store.user
LIMIT 0, 1000

-- Date: 2021-06-25 21:23
*/
INSERT INTO `user` (`id`,`username`,`password`,`ROLE_id`) VALUES (1,'korisnik1','korisnik1',1);
INSERT INTO `user` (`id`,`username`,`password`,`ROLE_id`) VALUES (2,'korisnik2','korisnik2',2);
INSERT INTO `user` (`id`,`username`,`password`,`ROLE_id`) VALUES (3,'korisnik3','korisnik3',2);
INSERT INTO `user` (`id`,`username`,`password`,`ROLE_id`) VALUES (4,'korisnik4','korisnik4',2);
INSERT INTO `user` (`id`,`username`,`password`,`ROLE_id`) VALUES (38,'petar','jovo',2);
INSERT INTO `user` (`id`,`username`,`password`,`ROLE_id`) VALUES (39,'koris','Lozinka',2);

/*
-- Query: SELECT * FROM book_store.author
LIMIT 0, 1000

-- Date: 2021-06-25 21:20
*/
INSERT INTO `author` (`id`,`first_name`,`last_name`,`date_of_birth`,`birth_place`) VALUES (1,'Luis','Kerol','1832-01-27','Derzberi');
INSERT INTO `author` (`id`,`first_name`,`last_name`,`date_of_birth`,`birth_place`) VALUES (2,'Vilijam','Sekspir','1564-04-26','Stratford');
INSERT INTO `author` (`id`,`first_name`,`last_name`,`date_of_birth`,`birth_place`) VALUES (3,'Milutin','Bojic','1892-05-19','Beograd');
INSERT INTO `author` (`id`,`first_name`,`last_name`,`date_of_birth`,`birth_place`) VALUES (4,'Borisav','Stankovic','1876-03-31','Vranje');
INSERT INTO `author` (`id`,`first_name`,`last_name`,`date_of_birth`,`birth_place`) VALUES (5,'Lav','Tolstoj','1828-08-28','Moskva');
INSERT INTO `author` (`id`,`first_name`,`last_name`,`date_of_birth`,`birth_place`) VALUES (6,'Dobrica','Cosic','1921-12-29','Trstenik');
INSERT INTO `author` (`id`,`first_name`,`last_name`,`date_of_birth`,`birth_place`) VALUES (7,'Fjodor','Dostojevski','1821-11-11','Moskva');
INSERT INTO `author` (`id`,`first_name`,`last_name`,`date_of_birth`,`birth_place`) VALUES (8,'Branko','Copic','1915-01-01','Hasani');
INSERT INTO `author` (`id`,`first_name`,`last_name`,`date_of_birth`,`birth_place`) VALUES (9,'Mesa','Selimovic','1910-04-26','Tuzla');
INSERT INTO `author` (`id`,`first_name`,`last_name`,`date_of_birth`,`birth_place`) VALUES (10,'Alber','Kami','1913-11-07','Alzir');
INSERT INTO `author` (`id`,`first_name`,`last_name`,`date_of_birth`,`birth_place`) VALUES (11,'Ernest','Hemingvej','1899-07-21','Oak Park');
INSERT INTO `author` (`id`,`first_name`,`last_name`,`date_of_birth`,`birth_place`) VALUES (12,'Ivo','Andric','1892-10-09','Travnik');
INSERT INTO `author` (`id`,`first_name`,`last_name`,`date_of_birth`,`birth_place`) VALUES (13,'Dobrisa','Cesaric','1902-01-10','Zagreb');
